,probability_stay,probability_churn,prediction
0,0.7107005594595759,0.2892994405404236,
1,0.8470123951332964,0.1529876048667038,
2,0.7859051886253152,0.21409481137468492,
3,0.7878499912162841,0.21215000878371612,
4,0.787173218177254,0.21282678182274567,
5,0.8383657135518762,0.16163428644812353,
6,0.6166557479753956,0.38334425202460454,
7,0.7138856158660941,0.2861143841339057,
8,0.8663007647161305,0.133699235283869,
9,0.6855053619988589,0.3144946380011408,
10,0.7228099676896889,0.2771900323103108,
11,0.85609353158978,0.14390646841021978,
12,0.7852672223413663,0.21473277765863327,
13,0.8682421837428062,0.13175781625719368,
14,0.7270897760934818,0.27291022390651826,
15,0.6262037232698432,0.373796276730157,
16,0.849897458179924,0.15010254182007576,
17,0.8104567945243449,0.1895432054756546,
18,0.7759777192202563,0.22402228077974334,
19,0.7796240197603845,0.22037598023961547,
20,0.8275001728973405,0.1724998271026591,
21,0.8675827142168362,0.1324172857831637,
22,0.7608496970475638,0.2391503029524359,
23,0.7567644107617173,0.24323558923828237,
24,0.7699832478995552,0.2300167521004444,
25,0.5839777645525307,0.4160222354474692,
26,0.8216848139019892,0.17831518609801084,
27,0.8132557873734376,0.18674421262656213,
28,0.6548787838718221,0.3451212161281778,
29,0.8591851839974649,0.140814816002535,
30,0.8407698584247667,0.15923014157523316,
31,0.7851360817021988,0.21486391829780088,
32,0.8700503325330401,0.12994966746695977,
33,0.7944591109519531,0.20554088904804638,
34,0.8105980095147717,0.189401990485228,
35,0.6258200310576313,0.37417996894236866,
36,0.7382748974511223,0.2617251025488771,
37,0.8029797712910098,0.19702022870899005,
38,0.8512451361737192,0.1487548638262807,
39,0.721150231395465,0.27884976860453486,
40,0.8089772912805522,0.1910227087194476,
41,0.5664883421853091,0.43351165781469064,
42,0.7969910569460726,0.20300894305392725,
43,0.776820603037629,0.2231793969623708,
44,0.7904050574972976,0.20959494250270233,
45,0.7781139802036254,0.22188601979637443,
46,0.6923844446098125,0.30761555539018703,
47,0.7730466915436598,0.22695330845633996,
48,0.9203544375043599,0.07964556249563985,
49,0.8364038546855445,0.1635961453144554,
50,0.8137442893432667,0.1862557106567332,
51,0.8326533430943185,0.1673466569056811,
52,0.8130093041542054,0.18699069584579425,
53,0.805376591938278,0.19462340806172165,
54,0.791673660306174,0.2083263396938259,
55,0.7794067468538909,0.22059325314610864,
56,0.7721187847600517,0.2278812152399479,
57,0.6381546757765798,0.36184532422342014,
58,0.8692847358246936,0.13071526417530596,
59,0.8331141498263703,0.16688585017362942,
60,0.8086665206679419,0.19133347933205835,
61,0.6826071136866981,0.3173928863133017,
62,0.7171473400261138,0.2828526599738858,
63,0.6938499381219151,0.30615006187808463,
64,0.6678664755782279,0.33213352442177224,
65,0.8651357982223717,0.1348642017776281,
66,0.7742339134299265,0.22576608657007288,
67,0.87448353085167,0.12551646914832937,
68,0.7130115438681908,0.28698845613180934,
69,0.8030467637406761,0.19695323625932404,
70,0.5817731292432259,0.41822687075677395,
71,0.8289263715248761,0.17107362847512395,
72,0.8199198702107106,0.18008012978928936,
73,0.7141433563763596,0.2858566436236405,
74,0.6309816229201816,0.3690183770798182,
75,0.8430503080328683,0.15694969196713168,
76,0.7996705745279117,0.200329425472088,
77,0.64364673416459,0.3563532658354102,
78,0.7472827801331532,0.2527172198668465,
79,0.7646973785552053,0.2353026214447943,
80,0.8893710617750071,0.1106289382249928,
81,0.9074194295776546,0.09258057042234531,
82,0.8175196708437551,0.1824803291562445,
83,0.7585428365368285,0.24145716346317134,
84,0.5858150393213253,0.4141849606786745,
85,0.8272198857306209,0.17278011426937875,
86,0.7730756604041961,0.22692433959580385,
87,0.8807190377148424,0.11928096228515708,
88,0.6508385599738635,0.3491614400261361,
89,0.7904069595374985,0.20959304046250138,
90,0.9061308721598401,0.09386912784015969,
91,0.8206494569188577,0.17935054308114184,
92,0.7452239328163169,0.2547760671836827,
93,0.6078882144204504,0.39211178557954945,
94,0.8620602181471653,0.1379397818528347,
95,0.8110655478466083,0.1889344521533914,
96,0.8279468734516755,0.17205312654832447,
97,0.670982876973088,0.3290171230269116,
98,0.829179877516035,0.1708201224839646,
99,0.6298280235129156,0.37017197648708433,
100,0.7888509701745141,0.21114902982548553,
101,0.7794160646801981,0.22058393531980156,
102,0.6526891086589245,0.34731089134107535,
103,0.7992009461428812,0.20079905385711905,
104,0.7770501504996051,0.22294984950039465,
105,0.7754795315014623,0.22452046849853752,
106,0.5896802056608109,0.4103197943391891,
107,0.6476760544883194,0.35232394551168084,
108,0.5630205772330474,0.4369794227669525,
109,0.8286438144206947,0.17135618557930482,
110,0.7299195176380586,0.27008048236194127,
111,0.8739597945719154,0.12604020542808445,
112,0.7288017385745336,0.27119826142546644,
113,0.8514242761457494,0.1485757238542507,
114,0.863858589304958,0.13614141069504168,
115,0.7184992750975151,0.28150072490248484,
116,0.7905410177327299,0.20945898226726967,
117,0.8718582991088591,0.1281417008911408,
118,0.8065913385763462,0.19340866142365334,
119,0.8649128293539522,0.13508717064604783,
120,0.7533248064733068,0.24667519352669307,
121,0.7949105739582868,0.205089426041713,
122,0.7374487241860304,0.26255127581396925,
123,0.612915528571472,0.38708447142852803,
124,0.8827788276402699,0.11722117235972988,
125,0.8229360840589566,0.17706391594104295,
126,0.6706444025000213,0.32935559749997856,
127,0.7285819090224983,0.2714180909775017,
128,0.7646829433508843,0.23531705664911545,
129,0.7823350835224909,0.21766491647750896,
130,0.8479401559803786,0.15205984401962153,
131,0.658119463661117,0.34188053633888305,
132,0.8701723959255958,0.12982760407440394,
133,0.8428504703478056,0.15714952965219428,
134,0.8167274173010003,0.18327258269899946,
135,0.7972008124621749,0.20279918753782497,
136,0.8549126464847819,0.1450873535152173,
137,0.8523207887639,0.1476792112360997,
138,0.6384435097367257,0.3615564902632742,
139,0.8413434720933991,0.15865652790660045,
140,0.7654507024928177,0.23454929750718212,
141,0.7827395700657831,0.21726042993421668,
142,0.8428879458883831,0.1571120541116166,
143,0.782164478849808,0.21783552115019167,
144,0.8105539003517533,0.18944609964824666,
145,0.7786205075596243,0.22137949244037536,
146,0.810441877688837,0.18955812231116265,
147,0.6376668973269592,0.36233310267304064,
148,0.5977555210694101,0.40224447893058995,
149,0.6836422936940995,0.3163577063059003,
150,0.8182443424654163,0.18175565753458345,
151,0.7434367373320161,0.25656326266798396,
152,0.8004074119381558,0.19959258806184355,
153,0.8284909516140891,0.17150904838591075,
154,0.677894224989833,0.32210577501016713,
155,0.8014430494036726,0.19855695059632683,
156,0.7551730295889034,0.24482697041109688,
157,0.9179727241495038,0.08202727585049586,
158,0.6329847447649669,0.3670152552350329,
159,0.8535030544659966,0.14649694553400297,
160,0.8499950907269193,0.15000490927308047,
161,0.675298507856093,0.32470149214390703,
162,0.4969004522507662,0.5030995477492338,
163,0.7704559749234424,0.2295440250765572,
164,0.7870852243171194,0.21291477568288042,
165,0.5883310343741992,0.411668965625801,
166,0.8081783930299007,0.191821606970099,
167,0.7798086661969519,0.220191333803048,
168,0.7495410268210273,0.2504589731789724,
169,0.7218641355438784,0.2781358644561215,
170,0.6159521614585891,0.38404783854141106,
171,0.7253095625569681,0.2746904374430317,
172,0.7713168287738276,0.22868317122617243,
173,0.763303310202346,0.2366966897976539,
174,0.8778653875771556,0.12213461242284433,
175,0.6971048987218491,0.3028951012781507,
176,0.8320758389798111,0.16792416102018864,
177,0.8146588679648576,0.18534113203514221,
178,0.6442963579995481,0.3557036420004518,
179,0.7685957868727992,0.23140421312720072,
180,0.7492031185623658,0.25079688143763357,
181,0.6433874793820188,0.3566125206179813,
182,0.788827273399168,0.21117272660083142,
183,0.8729298745263101,0.12707012547368943,
184,0.7397131171172109,0.26028688288278895,
185,0.6839924263805085,0.31600757361949133,
186,0.839922369107227,0.16007763089277283,
187,0.8889202686354869,0.11107973136451273,
188,0.8158804828922627,0.18411951710773697,
189,0.7585137948177105,0.24148620518228928,
190,0.8160758276006957,0.1839241723993038,
191,0.8273570460371001,0.17264295396289941,
192,0.6372553167596346,0.36274468324036513,
193,0.7036327879172447,0.29636721208275485,
194,0.6711839952335562,0.3288160047664437,
195,0.6739852834264006,0.3260147165735991,
196,0.8261471895339512,0.17385281046604878,
197,0.6429595447772367,0.3570404552227633,
198,0.6029380288545465,0.3970619711454534,
199,0.7241637451416816,0.2758362548583183,
200,0.8324353941421346,0.1675646058578653,
201,0.644355068041158,0.3556449319588419,
202,0.7060141772175575,0.29398582278244245,
203,0.7407758598078054,0.25922414019219453,
204,0.6243701986777034,0.3756298013222964,
205,0.7681600709750762,0.23183992902492384,
206,0.7424156749976472,0.2575843250023528,
207,0.797946561438968,0.20205343856103164,
208,0.550451043885336,0.4495489561146639,
209,0.820212678487237,0.1797873215127629,
210,0.747787046575683,0.25221295342431665,
211,0.7185320840779034,0.2814679159220966,
212,0.7090606176355583,0.29093938236444167,
213,0.5912742761764416,0.40872572382355843,
214,0.6618180201279203,0.3381819798720794,
215,0.6957075953689901,0.30429240463101,
216,0.7394243643262653,0.2605756356737343,
217,0.693648131036599,0.3063518689634007,
218,0.7975557698063599,0.20244423019363958,
219,0.6972533079665433,0.3027466920334567,
220,0.8343126271029148,0.16568737289708518,
221,0.7209418697662163,0.2790581302337842,
222,0.6618411974736307,0.33815880252636915,
223,0.8493839575976323,0.15061604240236773,
224,0.7778059715859427,0.22219402841405725,
225,0.7404294400416691,0.2595705599583308,
226,0.726359651605704,0.27364034839429574,
227,0.7761457885505378,0.22385421144946174,
228,0.5376164973489792,0.4623835026510208,
229,0.8014855152696704,0.19851448473032934,
230,0.5676118267404502,0.43238817325954954,
231,0.8765544043763811,0.1234455956236188,
232,0.759983258901816,0.24001674109818388,
233,0.7914025930478243,0.2085974069521756,
234,0.8200286500227407,0.17997134997725897,
235,0.7616249940592982,0.23837500594070185,
236,0.8534612655893392,0.14653873441066026,
237,0.7238025768193889,0.2761974231806108,
238,0.7284111004295913,0.2715888995704088,
239,0.6942430834667743,0.30575691653322556,
240,0.780872866745669,0.21912713325433078,
241,0.708438002128512,0.29156199787148807,
242,0.8088656911388178,0.19113430886118174,
243,0.8630255555929861,0.13697444440701362,
244,0.8118449237126338,0.18815507628736572,
245,0.7443240755065861,0.25567592449341336,
246,0.5389341478457828,0.4610658521542172,
247,0.8156571178626938,0.1843428821373059,
248,0.7456329463833206,0.2543670536166794,
249,0.7495127004362938,0.2504872995637062,
250,0.7284900043372988,0.271509995662701,
251,0.6233900175936723,0.37660998240632765,
252,0.8108085843314172,0.1891914156685823,
253,0.8646525814108024,0.13534741858919722,
254,0.7255639791420956,0.27443602085790436,
255,0.8363417407362193,0.16365825926378064,
256,0.7051943930003971,0.29480560699960284,
257,0.591375100480314,0.408624899519686,
258,0.5458794195346708,0.4541205804653291,
259,0.612316586470796,0.38768341352920394,
260,0.7392669319343199,0.26073306806568014,
261,0.6476477693966142,0.3523522306033855,
262,0.8158326750298912,0.18416732497010846,
263,0.5308475255963255,0.4691524744036745,
264,0.5483737044095434,0.45162629559045653,
265,0.8218516011190338,0.1781483988809662,
266,0.6880154476469014,0.311984552353099,
267,0.6999048875933136,0.3000951124066862,
268,0.6348946337288325,0.36510536627116735,
269,0.6387992550576347,0.36120074494236504,
270,0.8039518772127238,0.19604812278727596,
271,0.7515048778674539,0.24849512213254565,
272,0.5172590824446373,0.4827409175553627,
273,0.7962998770048841,0.2037001229951156,
274,0.8059897047833766,0.19401029521662325,
275,0.8767249191723008,0.12327508082769892,
276,0.6418285985031829,0.35817140149681703,
277,0.7515665182512703,0.2484334817487294,
278,0.8510939631132692,0.14890603688673065,
279,0.6846023432348535,0.31539765676514636,
280,0.69685705200678,0.3031429479932197,
281,0.651525409440994,0.3484745905590058,
282,0.6938789661856113,0.3061210338143887,
283,0.708361416560501,0.29163858343949917,
284,0.735382316130371,0.26461768386962886,
285,0.79001028906976,0.2099897109302398,
286,0.7136737197271253,0.28632628027287477,
287,0.7320380594801458,0.26796194051985384,
288,0.5088610109173307,0.49113898908266923,
289,0.7990815701969312,0.20091842980306857,
290,0.7150007255422451,0.28499927445775464,
291,0.713484135163531,0.28651586483646835,
292,0.6953357132237017,0.3046642867762981,
293,0.8146741906571239,0.1853258093428759,
294,0.5035935381500246,0.49640646184997544,
295,0.8157636404841562,0.18423635951584363,
296,0.598194338931872,0.40180566106812826,
297,0.6593788974314159,0.34062110256858397,
298,0.5912098755922769,0.40879012440772294,
299,0.8216097755634918,0.1783902244365081,
300,0.5145354123189837,0.4854645876810163,
301,0.746190317400477,0.25380968259952313,
302,0.7049005043068357,0.2950994956931642,
303,0.7425769156092322,0.2574230843907674,
304,0.6289289689477071,0.37107103105229283,
305,0.7665082021613004,0.23349179783869928,
306,0.613289805362659,0.38671019463734113,
307,0.7331551578819603,0.26684484211803955,
308,0.7085184125916851,0.29148158740831465,
309,0.773390581792337,0.22660941820766267,
310,0.6432604093627933,0.35673959063720667,
311,0.5623939057048015,0.43760609429519853,
312,0.6545842411935949,0.34541575880640507,
313,0.6416453338497407,0.35835466615025935,
314,0.7956181585297304,0.20438184147026955,
315,0.7267785332186704,0.27322146678132947,
316,0.705249676155701,0.2947503238442987,
317,0.5399803382595848,0.46001966174041514,
318,0.7417552278078091,0.25824477219219083,
319,0.822362119733574,0.17763788026642602,
320,0.8304101455818643,0.1695898544181354,
321,0.6389367142013391,0.36106328579866065,
322,0.62207818768436,0.3779218123156401,
323,0.7151550004689626,0.28484499953103737,
324,0.8899397555148225,0.11006024448517743,
325,0.73223937646464,0.2677606235353601,
326,0.7339021401117803,0.2660978598882197,
327,0.7709880117860543,0.22901198821394556,
328,0.8651476662436346,0.13485233375636504,
329,0.7185575429599028,0.28144245704009685,
330,0.7114245097619851,0.2885754902380147,
331,0.6181075251636419,0.3818924748363579,
332,0.7079476948050595,0.29205230519494024,
333,0.8828618668327343,0.11713813316726564,
334,0.7805927138370109,0.21940728616298902,
335,0.7790883932220585,0.22091160677794142,
336,0.8638421897672254,0.13615781023277418,
337,0.6780363700729606,0.3219636299270391,
338,0.7691732035448828,0.2308267964551173,
339,0.6115292783264686,0.38847072167353147,
340,0.7244075551749104,0.2755924448250894,
341,0.6487698922909557,0.35123010770904434,
342,0.8114336527615125,0.1885663472384875,
343,0.5511209468167168,0.44887905318328314,
344,0.6908342051269817,0.30916579487301826,
345,0.6955413558942007,0.30445864410579904,
346,0.8779610574562611,0.12203894254373897,
347,0.6335793122907918,0.3664206877092081,
348,0.571724816644645,0.4282751833553549,
349,0.5246134395074025,0.4753865604925976,
350,0.877684660868795,0.12231533913120472,
351,0.7163940345879384,0.2836059654120613,
352,0.5820579050025042,0.41794209499749596,
353,0.7024193053977175,0.29758069460228237,
354,0.6936739598687709,0.3063260401312292,
355,0.643377113970085,0.35662288602991465,
356,0.7031245321548861,0.29687546784511354,
357,0.6337982484687914,0.3662017515312085,
358,0.5875226602978695,0.41247733970213035,
359,0.5875692631768379,0.4124307368231622,
360,0.7445129131956346,0.2554870868043653,
361,0.7894604490714883,0.2105395509285114,
362,0.5831926678618199,0.41680733213818016,
363,0.6069703832522536,0.3930296167477463,
364,0.5760299537888566,0.42397004621114354,
365,0.8143076556804613,0.18569234431953827,
366,0.7935368522637131,0.2064631477362867,
367,0.5465328973198392,0.45346710268016066,
368,0.8241593481167101,0.17584065188329018,
369,0.5469291992892893,0.4530708007107107,
370,0.6120692105691617,0.38793078943083825,
371,0.7917629733871216,0.20823702661287796,
372,0.7529923793160037,0.24700762068399582,
373,0.8139227430918261,0.186077256908174,
374,0.7381552522548687,0.2618447477451309,
375,0.7110418706056159,0.2889581293943841,
376,0.5516941612671176,0.44830583873288243,
377,0.5537280003383126,0.44627199966168746,
378,0.8185369651410049,0.1814630348589955,
379,0.58841688086109,0.41158311913891,
380,0.8226367339139381,0.1773632660860619,
381,0.7108508705396658,0.2891491294603339,
382,0.5906764073118397,0.4093235926881604,
383,0.8168267851442336,0.18317321485576646,
384,0.6809962395333625,0.3190037604666373,
385,0.6766897876262016,0.3233102123737982,
386,0.7566065232196424,0.24339347678035753,
387,0.6813555784969451,0.3186444215030548,
388,0.741420011147785,0.25857998885221534,
389,0.7402441256290895,0.25975587437091047,
390,0.4470162900731682,0.5529837099268318,
391,0.6649897814990606,0.33501021850093937,
392,0.8206522724147496,0.17934772758525042,
393,0.7931894909260414,0.20681050907395826,
394,0.8808596081808986,0.11914039181910129,
395,0.7141284505700329,0.28587154942996656,
396,0.7762369050191579,0.22376309498084232,
397,0.7166711508400135,0.28332884915998663,
398,0.6947031039516848,0.3052968960483152,
399,0.6774293076882364,0.32257069231176344,
400,0.611230821762479,0.38876917823752094,
401,0.7217907065761989,0.27820929342380063,
402,0.7920917701590668,0.20790822984093263,
403,0.8935779353421026,0.10642206465789711,
404,0.8354553279354248,0.1645446720645748,
405,0.6413531027480094,0.35864689725199034,
406,0.599520950304512,0.4004790496954878,
407,0.7237505312003816,0.2762494687996183,
408,0.711428246455285,0.28857175354471487,
409,0.4665108164692298,0.5334891835307701,
410,0.9094192442161585,0.09058075578384106,
411,0.628475693294255,0.37152430670574504,
412,0.5900056645832781,0.40999433541672176,
413,0.6819664216951828,0.31803357830481693,
414,0.6425151244730362,0.35748487552696384,
415,0.7563951396338251,0.24360486036617487,
416,0.8051995280669416,0.1948004719330581,
417,0.5212834102606368,0.47871658973936315,
418,0.7396512466919476,0.26034875330805224,
419,0.7249245112908338,0.2750754887091656,
420,0.6977914672052647,0.3022085327947355,
421,0.6932670807586571,0.3067329192413428,
422,0.6305229133679723,0.36947708663202766,
423,0.7457051574666572,0.2542948425333429,
424,0.8115152373503007,0.18848476264969938,
425,0.6798267680076087,0.32017323199239106,
426,0.4636950008887624,0.5363049991112375,
427,0.6938095269101087,0.3061904730898913,
428,0.6163950923537872,0.3836049076462128,
429,0.7390931969031835,0.2609068030968165,
430,0.6192091901511987,0.3807908098488012,
431,0.5232250605237723,0.47677493947622773,
432,0.7210914814885682,0.2789085185114318,
433,0.5685364525156184,0.43146354748438165,
434,0.5087723511622844,0.49122764883771575,
435,0.7969905175684856,0.20300948243151434,
436,0.8935779353421026,0.10642206465789711,
437,0.5251224199415826,0.4748775800584174,
438,0.8759342629924347,0.12406573700756528,
439,0.8674315907959849,0.13256840920401525,
440,0.7669470770514518,0.23305292294854854,
441,0.7354993051270949,0.2645006948729046,
442,0.5325339170584947,0.4674660829415053,
443,0.6279461441459787,0.3720538558540213,
444,0.7587110972352781,0.24128890276472187,
445,0.8582591526272842,0.14174084737271572,
446,0.7312169073158727,0.2687830926841272,
447,0.7598061223023285,0.24019387769767125,
448,0.6214686651103414,0.37853133488965846,
449,0.6157643807514085,0.3842356192485913,
450,0.6206352623041317,0.37936473769586804,
451,0.8048459881194066,0.19515401188059314,
452,0.8020864955432718,0.19791350445672798,
453,0.7086224283040923,0.2913775716959075,
454,0.7567521628865176,0.24324783711348186,
455,0.7705815770323697,0.2294184229676302,
456,0.47112732321178996,0.52887267678821,
457,0.7068981762774775,0.29310182372252236,
458,0.7224601147931747,0.27753988520682543,
459,0.8165662036707806,0.18343379632921894,
460,0.46347204718567986,0.53652795281432,
461,0.7138868831797174,0.28611311682028256,
462,0.6374648193096266,0.3625351806903732,
463,0.7014111812584022,0.29858881874159793,
464,0.45223201113069583,0.5477679888693041,
465,0.4783085074029972,0.5216914925970029,
466,0.7472245018510724,0.25277549814892747,
467,0.7001587840107381,0.29984121598926206,
468,0.5991797828596144,0.4008202171403856,
469,0.6976717330665916,0.3023282669334082,
470,0.4679535513458184,0.5320464486541816,
471,0.6728317611819619,0.32716823881803786,
472,0.8452754049655664,0.15472459503443367,
473,0.6705728374768225,0.3294271625231774,
474,0.7030036234589843,0.2969963765410159,
475,0.6279643498765078,0.3720356501234922,
476,0.6144395716721963,0.3855604283278037,
477,0.8779610574562611,0.12203894254373897,
478,0.6233493668482403,0.3766506331517598,
479,0.6908473529217276,0.3091526470782723,
480,0.8784994803837389,0.12150051961626092,
481,0.5498504940726319,0.45014950592736824,
482,0.5812925767954219,0.4187074232045779,
483,0.6518859016774696,0.3481140983225303,
484,0.9058860599830887,0.09411394001691141,
485,0.7282013543769073,0.27179864562309247,
486,0.7602337944398845,0.23976620556011546,
487,0.745666430271163,0.2543335697288369,
488,0.551646564490659,0.448353435509341,
489,0.5164971298555571,0.48350287014444293,
490,0.7271681867216209,0.2728318132783789,
491,0.6667966345903862,0.33320336540961387,
492,0.7224027673810223,0.27759723261897795,
493,0.5500232826352925,0.4499767173647075,
494,0.7072287656802788,0.2927712343197208,
495,0.7214149736583573,0.2785850263416429,
496,0.705343511866791,0.2946564881332089,
497,0.7168640376934718,0.2831359623065281,
498,0.8429463095499945,0.15705369045000558,
499,0.826868017590557,0.1731319824094428,
500,0.7523359058759308,0.24766409412406923,
501,0.7325934500186737,0.2674065499813263,
502,0.5653554101335756,0.43464458986642446,
503,0.6667131504792531,0.33328684952074666,
504,0.8250025820563448,0.1749974179436548,
505,0.7124379969995391,0.2875620030004607,
506,0.7585354754202166,0.2414645245797832,
507,0.7234452456322407,0.276554754367759,
508,0.7335142695642896,0.2664857304357102,
509,0.5880760110816502,0.4119239889183497,
510,0.4749195287734256,0.5250804712265744,
511,0.791278065024157,0.208721934975843,
512,0.733527078629872,0.2664729213701277,
513,0.8175679759116571,0.1824320240883427,
514,0.7446411200265185,0.2553588799734816,
515,0.7937956278866174,0.2062043721133825,
516,0.77016604770584,0.22983395229415998,
517,0.8562566503342428,0.14374334966575675,
518,0.6384957060892371,0.361504293910763,
519,0.6500975881532337,0.34990241184676596,
520,0.8056149117149006,0.19438508828509934,
521,0.8196520549370006,0.180347945062999,
522,0.6928804841006346,0.3071195158993651,
523,0.5897650483893605,0.41023495161063933,
524,0.7220166742036693,0.27798332579633045,
525,0.6956919033560017,0.30430809664399794,
526,0.5147725134119264,0.4852274865880737,
527,0.8912661770626974,0.1087338229373021,
528,0.8474093030847787,0.152590696915221,
529,0.8246457953683347,0.1753542046316651,
530,0.7042855380147904,0.2957144619852095,
531,0.8092113402324205,0.19078865976757908,
532,0.7532948939328267,0.24670510606717294,
533,0.6082167274787988,0.391783272521201,
534,0.8313396589272682,0.16866034107273153,
535,0.6525830060953223,0.34741699390467723,
536,0.6752472136710972,0.32475278632890264,
537,0.5776105999930908,0.4223894000069091,
538,0.7813648041778127,0.21863519582218724,
539,0.8348554767723371,0.16514452322766257,
540,0.7979261587813898,0.20207384121860994,
541,0.7572254628520589,0.24277453714794095,
542,0.6737097768833326,0.32629022311666683,
543,0.6678390258682789,0.3321609741317211,
544,0.8107138078654442,0.18928619213455605,
545,0.7838968937594238,0.2161031062405759,
546,0.775763444212854,0.2242365557871459,
547,0.5623620754347687,0.4376379245652313,
548,0.8079963617478308,0.19200363825216882,
549,0.6111778756111635,0.38882212438883634,
550,0.7922806684487418,0.2077193315512582,
551,0.4928500144874676,0.5071499855125324,
552,0.5182833705096042,0.48171662949039573,
553,0.7558484037628287,0.24415159623717111,
554,0.6855338363715667,0.31446616362843294,
555,0.6151318874955363,0.38486811250446346,
556,0.6215309376320535,0.37846906236794636,
557,0.7791869550008945,0.2208130449991054,
558,0.49175106527482404,0.508248934725176,
559,0.6222641171955301,0.37773588280446996,
560,0.8418072989823848,0.15819270101761523,
561,0.8210479063651894,0.17895209363481002,
562,0.8190882701498821,0.1809117298501176,
563,0.882631927616734,0.11736807238326588,
564,0.8436621399986497,0.15633786000134986,
565,0.7133053695019131,0.2866946304980869,
566,0.6788903520670155,0.32110964793298424,
567,0.7465687004665882,0.25343129953341126,
568,0.7645068808595138,0.2354931191404857,
569,0.6418810538865933,0.35811894611340667,
570,0.7013055644462279,0.2986944355537718,
571,0.7044435141057471,0.2955564858942526,
572,0.831697839429592,0.16830216057040745,
573,0.5625024146007168,0.43749758539928324,
574,0.643072394667596,0.35692760533240403,
575,0.5556109013511612,0.4443890986488389,
576,0.8049939843539028,0.19500601564609737,
577,0.8521574995920277,0.1478425004079721,
578,0.6618497820608111,0.3381502179391888,
579,0.7689844177409578,0.23101558225904203,
580,0.7575705231483522,0.2424294768516479,
581,0.8062262206891255,0.19377377931087408,
582,0.651671642011386,0.34832835798861383,
583,0.8133171243305631,0.18668287566943648,
584,0.7598788783602924,0.24012112163970736,
585,0.6753274678776947,0.3246725321223048,
586,0.8031430466880477,0.19685695331195233,
587,0.6390553101276383,0.36094468987236134,
588,0.7942052964157184,0.20579470358428154,
589,0.703538514062904,0.2964614859370958,
590,0.7586061402748046,0.24139385972519478,
591,0.7898356073445824,0.21016439265541692,
592,0.827204239964165,0.1727957600358352,
593,0.7899759610429331,0.21002403895706678,
594,0.8098848835751388,0.19011511642486073,
595,0.7031082564912201,0.29689174350877956,
596,0.8217381591436815,0.17826184085631813,
597,0.7694367211829737,0.23056327881702604,
598,0.8113906057603849,0.18860939423961537,
599,0.5296969202870906,0.4703030797129093,
600,0.548383833357164,0.451616166642836,
601,0.7371904995891174,0.26280950041088247,
602,0.5985276697389614,0.40147233026103885,
603,0.8199770162577635,0.18002298374223616,
604,0.7171876978224138,0.2828123021775858,
605,0.7903573048308771,0.20964269516912243,
606,0.806902704722987,0.1930972952770127,
607,0.71420158144827,0.2857984185517299,
608,0.7312918242510963,0.26870817574890393,
609,0.753335154567202,0.2466648454327979,
610,0.764199057785806,0.23580094221419393,
611,0.7028439713423072,0.2971560286576926,
612,0.6445227213533005,0.35547727864669926,
613,0.6651407895987603,0.33485921040123967,
614,0.5733562016566047,0.4266437983433953,
615,0.8061900553274503,0.19380994467254986,
616,0.5957260352833608,0.4042739647166391,
617,0.6855213028345033,0.31447869716549665,
618,0.6341867634527065,0.3658132365472936,
619,0.5912445992861757,0.40875540071382416,
620,0.6630145950414829,0.3369854049585173,
621,0.7277766071718016,0.2722233928281984,
622,0.7863468798764369,0.21365312012356294,
623,0.826871683996778,0.1731283160032219,
624,0.644779643208888,0.35522035679111214,
625,0.6941295837830758,0.3058704162169242,
626,0.8125310700645834,0.1874689299354164,
627,0.6754595940231819,0.32454040597681827,
628,0.7841847817786964,0.21581521822130342,
629,0.7987039163015172,0.20129608369848281,
630,0.6267230215118995,0.3732769784881003,
631,0.822202894596518,0.17779710540348134,
632,0.7439478421683944,0.25605215783160523,
633,0.664550982772731,0.3354490172272691,
634,0.7672164625020662,0.23278353749793368,
635,0.5574189660725742,0.4425810339274259,
636,0.8085236952129534,0.19147630478704616,
637,0.703229021463561,0.2967709785364388,
638,0.761600882561063,0.2383991174389372,
639,0.6024898327984228,0.39751016720157717,
640,0.8122774312434201,0.18772256875657964,
641,0.6784404744986503,0.3215595255013497,
642,0.6743392343831297,0.3256607656168699,
643,0.6673300199462213,0.3326699800537785,
644,0.7353516890485384,0.2646483109514618,
645,0.751274422910073,0.24872557708992654,
646,0.8204729217690818,0.17952707823091787,
647,0.7195881573270893,0.2804118426729103,
648,0.6893805362745526,0.3106194637254475,
649,0.699974967987562,0.30002503201243774,
650,0.7486379027471272,0.2513620972528725,
651,0.8153053407346209,0.1846946592653789,
652,0.6321742635642581,0.36782573643574173,
653,0.7541455060625352,0.24585449393746472,
654,0.7879465205266918,0.21205347947330758,
655,0.7798966573069884,0.22010334269301143,
656,0.8227894076660179,0.17721059233398193,
657,0.6406835255157539,0.3593164744842459,
658,0.8214450417945774,0.17855495820542255,
659,0.7735464567971895,0.2264535432028106,
660,0.7629158526792827,0.23708414732071717,
661,0.8328403605674769,0.16715963943252274,
662,0.8706819122647493,0.1293180877352504,
663,0.7592949949315883,0.24070500506841155,
664,0.6796957904055426,0.32030420959445755,
665,0.7333897164668837,0.26661028353311644,
666,0.745675735250796,0.25432426474920394,
667,0.6763741109763867,0.3236258890236132,
668,0.7423226020310685,0.25767739796893124,
669,0.8098931348823846,0.19010686511761513,
670,0.747323048804663,0.2526769511953367,
671,0.7155183154830005,0.2844816845169991,
672,0.5908521639671314,0.4091478360328685,
673,0.6141842566393928,0.3858157433606073,
674,0.7535366929618017,0.24646330703819785,
675,0.731535939001422,0.26846406099857767,
676,0.7282359706950084,0.27176402930499194,
677,0.762881201237373,0.23711879876262684,
678,0.6432356922494291,0.3567643077505707,
679,0.8101032036846907,0.1898967963153089,
680,0.875394603109309,0.124605396890691,
681,0.7320063190824193,0.26799368091758025,
682,0.8157975112219661,0.18420248877803402,
683,0.8254816716323131,0.17451832836768663,
684,0.7166565752337648,0.28334342476623475,
685,0.788608729374992,0.21139127062500804,
686,0.7104078512120389,0.289592148787961,
687,0.7973988640613895,0.2026011359386104,
688,0.7947925387741057,0.20520746122589384,
689,0.5635890740317734,0.43641092596822645,
690,0.7430014025213351,0.2569985974786648,
691,0.7605763356693039,0.23942366433069587,
692,0.6572942282359733,0.34270577176402645,
693,0.6819548081379838,0.31804519186201596,
694,0.5647168254335313,0.43528317456646853,
695,0.6800566187992381,0.3199433812007619,
696,0.6874295834396302,0.3125704165603695,
697,0.6402311012460785,0.35976889875392115,
698,0.7230356430991223,0.27696435690087745,
699,0.8418174707954887,0.15818252920451115,
700,0.6551902579135148,0.34480974208648485,
701,0.6894080179993923,0.31059198200060745,
702,0.7177946640837406,0.28220533591625907,
703,0.8065901946677277,0.1934098053322717,
704,0.6813768316725376,0.31862316832746224,
705,0.5352114732146014,0.4647885267853985,
706,0.8001849164194365,0.19981508358056335,
707,0.654027522878327,0.34597247712167273,
708,0.782293805631388,0.2177061943686116,
709,0.6553770355134241,0.3446229644865757,
710,0.5809825657054596,0.4190174342945405,
711,0.6403702360376121,0.3596297639623879,
712,0.835345740428582,0.1646542595714177,
713,0.6214478189148521,0.3785521810851478,
714,0.8349330236731762,0.1650669763268235,
715,0.759496564192801,0.24050343580719846,
716,0.7206009357963267,0.2793990642036733,
717,0.8171917560030124,0.18280824399698725,
718,0.5303896585575881,0.4696103414424116,
719,0.5584111990184284,0.44158880098157155,
720,0.7797774758712059,0.220222524128794,
721,0.7026195867401142,0.29738041325988523,
722,0.6371773829194887,0.3628226170805112,
723,0.7414857195655942,0.2585142804344057,
724,0.7654963066433643,0.23450369335663523,
725,0.694450342784944,0.30554965721505595,
726,0.7068726723002665,0.29312732769973326,
727,0.8148184458885206,0.18518155411147927,
728,0.7199747932424246,0.28002520675757475,
729,0.821633549378636,0.1783664506213638,
730,0.5522247481004677,0.44777525189953216,
731,0.5418532535135792,0.45814674648642073,
732,0.6254822911148581,0.37451770888514163,
733,0.89355664806733,0.10644335193266954,
734,0.7416341852866358,0.2583658147133637,
735,0.6003130710276308,0.3996869289723692,
736,0.810811979495098,0.18918802050490202,
737,0.6226421540311529,0.37735784596884686,
738,0.7130599400625512,0.28694005993744864,
739,0.7909522759939774,0.20904772400602215,
740,0.7482062586131901,0.25179374138680927,
741,0.7354790947348014,0.2645209052651982,
742,0.8045771159637088,0.1954228840362909,
743,0.8603095673282243,0.13969043267177583,
744,0.8832733950607613,0.11672660493923848,
745,0.6927170379177167,0.307282962082283,
746,0.7493718917236997,0.2506281082763001,
747,0.7610149003029317,0.23898509969706797,
748,0.6366583050138425,0.3633416949861576,
749,0.6937264270743799,0.3062735729256201,
750,0.7681875817537899,0.23181241824621004,
751,0.7323236110403777,0.26767638895962187,
752,0.6898793206589134,0.31012067934108656,
753,0.5687426512924219,0.43125734870757826,
754,0.7172827775106656,0.2827172224893342,
755,0.7150331036430184,0.28496689635698114,
756,0.7026450548917115,0.2973549451082885,
757,0.8576654723297672,0.14233452767023255,
758,0.8236876028575686,0.17631239714243116,
759,0.8102269105558964,0.18977308944410343,
760,0.6701049100026444,0.3298950899973556,
761,0.6280275798263997,0.37197242017360016,
762,0.7511255007267147,0.24887449927328498,
763,0.8347507446391538,0.16524925536084617,
764,0.7098036749610722,0.29019632503892767,
765,0.6759544307393298,0.3240455692606697,
766,0.8177146234913192,0.1822853765086807,
767,0.7706853921440954,0.2293146078559041,
768,0.6607372176330197,0.33926278236698026,
769,0.6282891082525012,0.3717108917474989,
770,0.609941463663477,0.39005853633652293,
771,0.5551372272214716,0.44486277277852837,
772,0.7650910448581131,0.23490895514188664,
773,0.7741461697226112,0.22585383027738867,
774,0.6415984537707967,0.3584015462292031,
775,0.7729893909572714,0.22701060904272843,
776,0.8162937207290163,0.18370627927098354,
777,0.5605661109834028,0.4394338890165973,
778,0.5280951198844565,0.47190488011554343,
779,0.7925166839279331,0.20748331607206671,
780,0.711121044143837,0.2888789558561631,
781,0.5945706224324827,0.40542937756751746,
782,0.7904183203920794,0.2095816796079199,
783,0.7855448190094585,0.21445518099054126,
784,0.5860829116925096,0.41391708830749024,
785,0.7676955669595774,0.232304433040422,
786,0.7570381641247375,0.2429618358752623,
787,0.7035442167511667,0.296455783248833,
788,0.7260233701879596,0.27397662981204024,
789,0.5751305254608771,0.42486947453912294,
790,0.7122871336375703,0.28771286636242965,
791,0.701038440472998,0.29896155952700204,
792,0.8042443106547562,0.19575568934524376,
793,0.8729228962193046,0.12707710378069512,
794,0.6314583660684875,0.36854163393151224,
795,0.7412349695718252,0.2587650304281745,
796,0.5964050583405738,0.4035949416594263,
797,0.6552637478794672,0.344736252120533,
798,0.645404778890126,0.35459522110987346,
799,0.8445195609590551,0.15548043904094488,
800,0.6098624263042146,0.39013757369578533,
801,0.6323847995428977,0.3676152004571026,
802,0.7246618772241898,0.27533812277580993,
803,0.704010504681595,0.2959894953184047,
804,0.7190845556803578,0.2809154443196417,
805,0.6391230175719342,0.3608769824280656,
806,0.5824043196817371,0.4175956803182628,
807,0.7463579444576243,0.2536420555423755,
808,0.8081854755754644,0.19181452442453556,
809,0.7579368159056672,0.2420631840943331,
810,0.6719270522421121,0.32807294775788753,
811,0.7472058529442718,0.252794147055728,
812,0.729181511673347,0.2708184883266529,
813,0.7132216599081715,0.2867783400918281,
814,0.5851457334664847,0.4148542665335153,
815,0.8046292767980866,0.19537072320191334,
816,0.7123723752951655,0.2876276247048342,
817,0.796054038567389,0.20394596143261057,
818,0.6578855801668092,0.34211441983319035,
819,0.7570101540285712,0.2429898459714285,
820,0.7941691606396045,0.20583083936039517,
821,0.6297115095108248,0.37028849048917517,
822,0.7432499927054641,0.2567500072945357,
823,0.5868953500021737,0.41310464999782637,
824,0.6262279354977416,0.3737720645022584,
825,0.864351331945488,0.13564866805451167,
826,0.7713679613301412,0.22863203866985837,
827,0.568077485686013,0.4319225143139868,
828,0.7303333853463676,0.2696666146536323,
829,0.6365915910696132,0.3634084089303866,
830,0.7749410872388783,0.2250589127611212,
831,0.751212235111143,0.2487877648888565,
832,0.641588900633074,0.3584110993669256,
833,0.7458493132834368,0.25415068671656293,
834,0.6898004473788327,0.3101995526211672,
835,0.7900454101867457,0.2099545898132539,
836,0.6162421244030007,0.3837578755969993,
837,0.6116665699849825,0.38833343001501724,
838,0.7696002449748504,0.23039975502514967,
839,0.7456964305493001,0.25430356945069993,
840,0.7171775481969871,0.2828224518030128,
841,0.7371013691051717,0.2628986308948281,
842,0.7508745804179948,0.24912541958200532,
843,0.7437567490930648,0.2562432509069351,
844,0.6969843506273676,0.3030156493726319,
845,0.7411017756063736,0.25889822439362636,
846,0.5865036997699541,0.4134963002300459,
847,0.5841993407984539,0.41580065920154596,
848,0.8290480749014109,0.17095192509858914,
849,0.7265588932663214,0.2734411067336783,
850,0.6519435520214261,0.3480564479785738,
851,0.6600438669412437,0.339956133058756,
852,0.6407390091617947,0.3592609908382051,
853,0.6940875420786683,0.30591245792133154,
854,0.5830572778274834,0.4169427221725167,
855,0.6399742878379439,0.360025712162056,
856,0.7784542704740525,0.22154572952594734,
857,0.6463685354462314,0.35363146455376826,
858,0.6910464637325388,0.308953536267461,
859,0.6091799757702556,0.3908200242297442,
860,0.722589143487257,0.277410856512743,
861,0.5449859777634074,0.4550140222365926,
862,0.6347769363511243,0.3652230636488754,
863,0.7287827539781446,0.27121724602185515,
864,0.7009570823112716,0.29904291768872876,
865,0.7486597943992208,0.2513402056007785,
866,0.8005218459738548,0.1994781540261448,
867,0.6090707739467129,0.3909292260532869,
868,0.7563479857756188,0.2436520142243808,
869,0.810642293405411,0.18935770659458878,
870,0.7951251298282179,0.20487487017178213,
871,0.7975904898558975,0.20240951014410247,
872,0.7519138047926128,0.2480861952073871,
873,0.7743698067575974,0.22563019324240222,
874,0.7718651109280943,0.22813488907190607,
875,0.6547669448935527,0.3452330551064471,
876,0.7311116192601623,0.2688883807398372,
877,0.8343994513812012,0.16560054861879844,
878,0.7882697576091661,0.2117302423908337,
879,0.8149534632898779,0.18504653671012167,
880,0.6577333008786632,0.34226669912133667,
881,0.7219841210398164,0.2780158789601837,
882,0.6183078711845739,0.3816921288154257,
883,0.6779541039367593,0.3220458960632407,
884,0.7652400089336342,0.23475999106636544,
885,0.7644417533558443,0.23555824664415567,
886,0.7851624972343287,0.21483750276567087,
887,0.46223624922683193,0.5377637507731682,
888,0.7532620406639555,0.24673795933604428,
889,0.7631636523924468,0.23683634760755312,
890,0.6687750911990125,0.33122490880098737,
891,0.5774336041512248,0.4225663958487751,
892,0.8678315442006448,0.13216845579935524,
893,0.582473139040442,0.4175268609595581,
894,0.733564306627821,0.2664356933721786,
895,0.758088999605245,0.24191100039475472,
896,0.5859348536872242,0.4140651463127758,
897,0.6120765163240875,0.3879234836759124,
898,0.6826096455778328,0.31739035442216734,
899,0.8390511975411353,0.16094880245886437,
900,0.7803712585869639,0.2196287414130358,
901,0.7175765401178313,0.2824234598821684,
902,0.664982450440672,0.3350175495593281,
903,0.760549662563308,0.23945033743669172,
904,0.664482286890643,0.3355177131093569,
905,0.7368363838971203,0.2631636161028797,
906,0.8140527201991195,0.18594727980088027,
907,0.5587505559861518,0.44124944401384825,
908,0.747637695473632,0.2523623045263682,
909,0.763200240400304,0.2367997595996956,
910,0.8607888832904819,0.13921111670951755,
911,0.7082211133882582,0.29177888661174195,
912,0.6274640508121341,0.3725359491878658,
913,0.6644971397147152,0.3355028602852847,
914,0.6380151645387617,0.36198483546123844,
915,0.7937401880512523,0.2062598119487479,
916,0.5739267324882648,0.4260732675117352,
917,0.8261615245722571,0.17383847542774258,
918,0.7703676300099178,0.2296323699900819,
919,0.7554135267692775,0.24458647323072225,
920,0.7599575043096911,0.24004249569030914,
921,0.7741236601708361,0.22587633982916355,
922,0.672476566315972,0.32752343368402775,
923,0.7455309172617123,0.25446908273828756,
924,0.7438583208655555,0.2561416791344441,
925,0.6691293288752115,0.33087067112478835,
926,0.6859416357101443,0.31405836428985556,
927,0.7990003538221879,0.20099964617781169,
928,0.7006077318025831,0.2993922681974167,
929,0.7504743608594546,0.24952563914054537,
930,0.8360947448234597,0.16390525517653998,
931,0.5863064829546919,0.413693517045308,
932,0.8539308968199784,0.1460691031800218,
933,0.7658896045805355,0.23411039541946438,
934,0.7756714614170065,0.2243285385829936,
935,0.6612444232366927,0.33875557676330703,
936,0.5476538740197947,0.45234612598020524,
937,0.7407969518249128,0.25920304817508655,
938,0.666934580135207,0.3330654198647929,
939,0.7647602146778961,0.23523978532210357,
940,0.5912188688182499,0.4087811311817501,
941,0.7038478382174839,0.2961521617825159,
942,0.7674805463480806,0.23251945365191903,
943,0.46223624922683193,0.5377637507731682,
944,0.5964045376560124,0.4035954623439873,
945,0.7944376697842245,0.20556233021577522,
946,0.6306927273200643,0.3693072726799356,
947,0.7496934043590047,0.25030659564099517,
948,0.6745871270162114,0.3254128729837884,
949,0.6358844863829883,0.36411551361701155,
950,0.7832249443916219,0.2167750556083777,
951,0.8617035394758841,0.13829646052411562,
952,0.7763595301591315,0.22364046984086833,
953,0.7736711788845152,0.22632882111548497,
954,0.6764347029606433,0.3235652970393562,
955,0.7652238333911525,0.23477616660884698,
956,0.7645689580157317,0.23543104198426834,
957,0.6914166154712116,0.30858338452878864,
958,0.7838304898628088,0.21616951013719082,
959,0.7927353801439778,0.20726461985602174,
960,0.8112929262920757,0.1887070737079245,
961,0.660981485641758,0.33901851435824193,
962,0.674261492756449,0.3257385072435508,
963,0.4993474991245628,0.5006525008754372,
964,0.6365531109258152,0.3634468890741845,
965,0.6368287465193719,0.36317125348062823,
966,0.8314815178661444,0.16851848213385515,
967,0.7927994719800477,0.207200528019952,
968,0.7961498279532131,0.2038501720467868,
969,0.7238775713218354,0.2761224286781643,
970,0.6405083977369614,0.35949160226303806,
971,0.764144210592312,0.2358557894076875,
972,0.7865326924850398,0.2134673075149604,
973,0.7854022024517399,0.21459779754826006,
974,0.591123806664142,0.40887619333585784,
975,0.6416248850779778,0.35837511492202223,
976,0.6276511696325773,0.37234883036742256,
977,0.6063148411176051,0.3936851588823947,
978,0.7585194432537533,0.24148055674624655,
979,0.5890839488653135,0.41091605113468643,
980,0.6904362448830692,0.3095637551169308,
981,0.5462747055795618,0.45372529442043813,
982,0.7921108490609385,0.2078891509390614,
983,0.8066430020521024,0.19335699794789743,
984,0.6215873931341371,0.37841260686586303,
985,0.557000561303644,0.442999438696356,
986,0.6946720029226177,0.3053279970773819,
987,0.7288709581271268,0.2711290418728728,
988,0.660334682651649,0.3396653173483509,
989,0.7294470743459824,0.27055292565401723,
990,0.6862331031240272,0.3137668968759725,
991,0.4675140270046098,0.5324859729953904,
992,0.6896372348108902,0.3103627651891097,
993,0.7610803427831797,0.23891965721682037,
994,0.7395808551828223,0.2604191448171772,
995,0.7078603639638332,0.2921396360361666,
996,0.6618641518412091,0.33813584815879066,
997,0.7944723943991906,0.20552760560080938,
998,0.5938063406733456,0.4061936593266543,
999,0.6088806798381312,0.3911193201618687,
1000,0.4893621380438972,0.5106378619561028,
1001,0.6365003247633507,0.36349967523664917,
1002,0.7047693216027237,0.29523067839727657,
1003,0.6387113421109669,0.36128865788903286,
1004,0.7728435028991524,0.22715649710084726,
1005,0.6777950703771911,0.3222049296228088,
1006,0.6961479942477246,0.30385200575227533,
1007,0.8196160528921363,0.1803839471078633,
1008,0.787493391391926,0.21250660860807405,
1009,0.7796163750768323,0.22038362492316732,
1010,0.6250805181653442,0.37491948183465573,
1011,0.5670936566042559,0.43290634339574424,
1012,0.8305978997826807,0.1694021002173188,
1013,0.789151721857646,0.21084827814235405,
1014,0.6083974140632419,0.39160258593675806,
1015,0.5953438007150067,0.40465619928499325,
1016,0.7522330162551849,0.24776698374481484,
1017,0.7569418537884482,0.24305814621155167,
1018,0.7579323044079601,0.24206769559203978,
1019,0.7000091793830996,0.2999908206169003,
1020,0.752344954798034,0.24765504520196585,
1021,0.7903756154563629,0.20962438454363672,
1022,0.7790511438783816,0.2209488561216183,
1023,0.7393610673650669,0.26063893263493293,
1024,0.5666188516756921,0.4333811483243079,
1025,0.6850082131616841,0.31499178683831586,
1026,0.8484782095495038,0.1515217904504961,
1027,0.6355914867667497,0.3644085132332501,
1028,0.7607742443279669,0.23922575567203264,
1029,0.763902746542386,0.23609725345761365,
1030,0.8147912043497821,0.18520879565021764,
1031,0.7534926448930952,0.24650735510690452,
1032,0.8211400946817211,0.17885990531827872,
1033,0.795379611350854,0.20462038864914564,
1034,0.743673625981957,0.25632637401804304,
1035,0.573220742192012,0.4267792578079879,
1036,0.7986984093776193,0.20130159062238046,
1037,0.6853653683671113,0.3146346316328889,
1038,0.6065576811301023,0.39344231886989756,
1039,0.6389310377405808,0.36106896225941904,
1040,0.7341735071414132,0.26582649285858656,
1041,0.8289490032144579,0.17105099678554184,
1042,0.7994188518611276,0.2005811481388725,
1043,0.783106896819791,0.21689310318020855,
1044,0.7170261823512145,0.28297381764878515,
1045,0.7599954336540742,0.24000456634592568,
1046,0.7605153721650426,0.2394846278349573,
1047,0.749106592687716,0.25089340731228377,
1048,0.4947201915863999,0.5052798084136001,
1049,0.7701760139005053,0.22982398609949453,
1050,0.5054901208233155,0.4945098791766845,
1051,0.8209441649536862,0.17905583504631303,
1052,0.6876379411094576,0.31236205889054175,
1053,0.6617339297008669,0.33826607029913297,
1054,0.8496568518108226,0.1503431481891769,
1055,0.7159483423442076,0.2840516576557921,
1056,0.4961286611473066,0.5038713388526933,
1057,0.7377145215707833,0.26228547842921673,
1058,0.6756279059898734,0.32437209401012607,
1059,0.8247556738331202,0.17524432616688002,
1060,0.6715230541208164,0.32847694587918347,
1061,0.7692296507490145,0.23077034925098489,
1062,0.7797500489155362,0.22024995108446332,
1063,0.6245559575945632,0.3754440424054372,
1064,0.8428605322873581,0.15713946771264173,
1065,0.7485962215228242,0.2514037784771753,
1066,0.7426111212773775,0.2573888787226227,
1067,0.768157253855918,0.23184274614408185,
1068,0.5949819231631098,0.4050180768368902,
1069,0.8231436987132278,0.1768563012867722,
1070,0.7410358788877326,0.2589641211122671,
1071,0.649459701307191,0.3505402986928086,
1072,0.7666510168984737,0.23334898310152638,
1073,0.7683050500280442,0.23169494997195564,
1074,0.6268320196762578,0.37316798032374215,
1075,0.6689450558045874,0.3310549441954123,
1076,0.8019102622946508,0.19808973770534913,
1077,0.83849766359539,0.1615023364046094,
1078,0.720994037908399,0.27900596209160083,
1079,0.6571315787972257,0.34286842120277383,
1080,0.6740598917746933,0.3259401082253063,
1081,0.6869069714833078,0.31309302851669224,
1082,0.6923269687166786,0.30767303128332096,
1083,0.6192331668570203,0.3807668331429794,
1084,0.7476879533890025,0.2523120466109969,
1085,0.782743649245327,0.21725635075467295,
1086,0.8216677603011903,0.17833223969881004,
1087,0.8303509737856934,0.16964902621430628,
1088,0.6812338374131014,0.3187661625868987,
1089,0.8240538106072666,0.175946189392733,
1090,0.6919757808372995,0.3080242191627003,
1091,0.6969609005901041,0.3030390994098958,
1092,0.681010606717863,0.3189893932821366,
1093,0.8000319495138214,0.19996805048617858,
1094,0.6821401708405169,0.31785982915948274,
1095,0.671111431969006,0.3288885680309937,
1096,0.6870475624692449,0.31295243753075447,
1097,0.6659332391435758,0.3340667608564243,
1098,0.6906275031528977,0.309372496847102,
1099,0.801907506136221,0.19809249386377864,
1100,0.7574761683949651,0.2425238316050341,
1101,0.6166513229477524,0.38334867705224746,
1102,0.8381839044711674,0.16181609552883192,
1103,0.7968043959496225,0.20319560405037707,
1104,0.8104755878439878,0.1895244121560119,
1105,0.7333688884182655,0.2666311115817344,
1106,0.7927456879461013,0.20725431205389844,
1107,0.7802185926635,0.21978140733649973,
1108,0.8247150231799893,0.1752849768200102,
1109,0.7344824696650246,0.2655175303349752,
1110,0.7560585256044279,0.24394147439557187,
1111,0.7170871737394096,0.2829128262605901,
1112,0.7951961617346387,0.2048038382653611,
1113,0.8020670065450816,0.19793299345491827,
1114,0.8425083777908973,0.15749162220910237,
1115,0.8196572115590028,0.180342788440997,
1116,0.735873758274616,0.26412624172538374,
1117,0.7898490918546267,0.2101509081453734,
1118,0.7076286461257562,0.29237135387424384,
1119,0.7829835655834145,0.2170164344165857,
1120,0.6971022488260031,0.3028977511739967,
1121,0.7448792032350045,0.25512079676499544,
1122,0.8142742955497456,0.1857257044502539,
1123,0.817572257294831,0.18242774270516904,
1124,0.7761902500451743,0.22380974995482558,
1125,0.7577853883926255,0.2422146116073741,
1126,0.7190590811715218,0.2809409188284782,
1127,0.7863205586644729,0.21367944133552683,
1128,0.8266447962172887,0.1733552037827111,
1129,0.8108908765598324,0.18910912344016734,
1130,0.7144328024465803,0.2855671975534198,
1131,0.7677760552042692,0.2322239447957306,
1132,0.7807146205036415,0.21928537949635846,
1133,0.8023762086081057,0.19762379139189393,
1134,0.691433708614168,0.30856629138583214,
1135,0.7655605551959168,0.23443944480408305,
1136,0.7427352800550081,0.2572647199449918,
1137,0.8070716124803213,0.19292838751967814,
1138,0.869602480780795,0.1303975192192045,
1139,0.7748059156037619,0.22519408439623817,
1140,0.830637955703523,0.1693620442964767,
1141,0.6907413004952448,0.30925869950475493,
1142,0.8411589409236861,0.15884105907631382,
1143,0.725058536744011,0.274941463255989,
1144,0.7585158523449396,0.24148414765506007,
1145,0.7801117776477343,0.2198882223522654,
1146,0.8693442252305822,0.1306557747694174,
1147,0.7218580568464366,0.27814194315356333,
1148,0.8191857558570297,0.18081424414296982,
1149,0.7679112724772363,0.2320887275227634,
1150,0.8789322885154026,0.12106771148459725,
1151,0.8440152004948768,0.155984799505123,
1152,0.8199207830238038,0.18007921697619583,
1153,0.7410701058289664,0.25892989417103357,
1154,0.6062074922272839,0.39379250777271585,
1155,0.8145854205275246,0.185414579472475,
1156,0.723590803708244,0.2764091962917556,
1157,0.7961635373214111,0.20383646267858868,
1158,0.7955144570857242,0.2044855429142756,
1159,0.744324819697344,0.25567518030265574,
1160,0.8317149516923756,0.16828504830762436,
1161,0.8043721159544771,0.19562788404552275,
1162,0.829095425196559,0.1709045748034407,
1163,0.8327616201928809,0.1672383798071188,
1164,0.8055610111156827,0.1944389888843169,
1165,0.773657842392299,0.22634215760770093,
1166,0.685411527526124,0.31458847247387567,
1167,0.8301238484896396,0.1698761515103601,
1168,0.7680440984249595,0.23195590157504042,
1169,0.7430197269092261,0.2569802730907736,
1170,0.8166605457749594,0.18333945422504067,
1171,0.8095283723961194,0.19047162760388056,
1172,0.8552616036029093,0.1447383963970905,
1173,0.8358700100860164,0.16412998991398367,
1174,0.7918198461415191,0.20818015385848068,
1175,0.7707254746366375,0.22927452536336215,
1176,0.8220231576967695,0.17797684230323052,
1177,0.8487810684110657,0.15121893158893387,
1178,0.7894281106856469,0.21057188931435303,
1179,0.7818981346945116,0.21810186530548822,
1180,0.7554651551308479,0.24453484486915214,
1181,0.7988556940598097,0.20114430594018992,
1182,0.6966404496414078,0.3033595503585918,
1183,0.8251461986192535,0.17485380138074597,
1184,0.8057752222820915,0.19422477771790803,
1185,0.7270997276232162,0.2729002723767839,
1186,0.8382101727040324,0.16178982729596733,
1187,0.8040080154101444,0.1959919845898554,
1188,0.8580085154370181,0.14199148456298155,
1189,0.802228555127368,0.19777144487263187,
1190,0.7591751416142383,0.2408248583857615,
1191,0.6777826088004488,0.3222173911995511,
1192,0.8080308701123913,0.19196912988760875,
1193,0.7547604791953267,0.24523952080467307,
1194,0.8179641866840447,0.1820358133159548,
1195,0.8195448144642701,0.18045518553572976,
1196,0.7753899406149165,0.22461005938508347,
1197,0.8323373172104612,0.16766268278953844,
1198,0.666456471906975,0.3335435280930247,
1199,0.8194578239971111,0.18054217600288844,
1200,0.8162864853255581,0.1837135146744415,
1201,0.7849791200765723,0.21502087992342747,
1202,0.8230672989886897,0.17693270101131034,
1203,0.6935388142583244,0.30646118574167547,
1204,0.831602349920598,0.1683976500794021,
1205,0.8161539448169344,0.1838460551830651,
1206,0.753395007246255,0.2466049927537448,
1207,0.6802469732784137,0.3197530267215862,
1208,0.7514316720291976,0.24856832797080217,
1209,0.739621335917745,0.26037866408225496,
1210,0.7630122615091159,0.23698773849088386,
1211,0.7677778236993779,0.23222217630062172,
1212,0.8688341509030512,0.13116584909694878,
1213,0.8230887824774978,0.17691121752250225,
1214,0.7771522141366577,0.22284778586334236,
1215,0.7863107964488569,0.21368920355114313,
1216,0.7399914692860982,0.26000853071390134,
1217,0.7277610990369073,0.2722389009630924,
1218,0.8284268868146826,0.17157311318531712,
1219,0.8222099719444448,0.17779002805555513,
1220,0.7417176957411721,0.2582823042588278,
1221,0.7845018544192002,0.21549814558079977,
1222,0.7178048076394541,0.28219519236054574,
1223,0.7858299664983858,0.21417003350161357,
1224,0.6871967698565098,0.3128032301434904,
1225,0.8164217220917703,0.18357827790822928,
1226,0.8057440904632359,0.19425590953676383,
1227,0.6882921951805079,0.3117078048194922,
1228,0.7502311651099417,0.2497688348900585,
1229,0.71444827414719,0.28555172585280947,
1230,0.7418515749082549,0.258148425091745,
1231,0.7192819164317237,0.2807180835682764,
1232,0.7888061309291158,0.2111938690708838,
1233,0.7671885608690415,0.2328114391309584,
1234,0.6769918323940209,0.3230081676059788,
1235,0.8682639251624283,0.13173607483757105,
1236,0.6210164108656745,0.37898358913432567,
1237,0.5970280771426237,0.40297192285737615,
1238,0.7040915722646359,0.295908427735364,
1239,0.6375655686459727,0.3624344313540271,
1240,0.8757500308849019,0.1242499691150978,
1241,0.7877920760073972,0.21220792399260266,
1242,0.8641441741848649,0.13585582581513506,
1243,0.7512500285288953,0.24874997147110445,
1244,0.7406174363604262,0.2593825636395736,
1245,0.7792143892698636,0.22078561073013592,
1246,0.8143266666942928,0.18567333330570668,
1247,0.6375241140625449,0.36247588593745506,
1248,0.8454220886142096,0.15457791138578966,
1249,0.8076477647651613,0.19235223523483835,
1250,0.7435337747117277,0.25646622528827234,
1251,0.8508836946998608,0.1491163053001391,
1252,0.8006204684654951,0.19937953153450486,
1253,0.7531859566091693,0.24681404339083066,
1254,0.823388630927615,0.17661136907238428,
1255,0.7732281641237486,0.22677183587625077,
1256,0.6115618012134909,0.38843819878650904,
1257,0.7909188667775073,0.20908113322249233,
1258,0.6840794237499349,0.3159205762500648,
1259,0.8313216216696779,0.16867837833032215,
1260,0.5839415964777567,0.41605840352224327,
1261,0.6943886520895465,0.3056113479104534,
1262,0.7868728072706912,0.21312719272930836,
1263,0.7955016501493083,0.2044983498506916,
1264,0.768828550271935,0.2311714497280649,
1265,0.8282963212902726,0.1717036787097273,
1266,0.7830033686098791,0.21699663139012063,
1267,0.8455902749094908,0.1544097250905088,
1268,0.767430344724356,0.232569655275644,
1269,0.6677561990324428,0.3322438009675572,
1270,0.7912811786413201,0.20871882135867964,
1271,0.8242671537192174,0.17573284628078212,
1272,0.6413378956510829,0.3586621043489172,
1273,0.6719001325149256,0.3280998674850744,
1274,0.6879677055743717,0.3120322944256285,
1275,0.8317058545507513,0.16829414544924876,
1276,0.6777709547695392,0.3222290452304607,
1277,0.8503440016200492,0.1496559983799506,
1278,0.5682052288464848,0.43179477115351517,
1279,0.6207712006822146,0.3792287993177852,
1280,0.7306625553866756,0.26933744461332404,
1281,0.8518867028464715,0.14811329715352842,
1282,0.7999673572585617,0.20003264274143806,
1283,0.6542717605229943,0.34572823947700565,
1284,0.7188792578085745,0.28112074219142513,
1285,0.7434964409175921,0.25650355908240746,
1286,0.6171862296831789,0.38281377031682096,
1287,0.8010856582212063,0.19891434177879358,
1288,0.8490239082624353,0.15097609173756463,
1289,0.7606529094551029,0.23934709054489695,
1290,0.6722802112785676,0.32771978872143215,
1291,0.7759379949418781,0.22406200505812135,
1292,0.7301718414216709,0.269828158578329,
1293,0.7874966214619427,0.2125033785380572,
1294,0.8436318689369539,0.15636813106304603,
1295,0.7040967507112724,0.29590324928872724,
1296,0.8258538959400465,0.1741461040599535,
1297,0.7925745610069894,0.2074254389930103,
1298,0.8365973968940769,0.1634026031059231,
1299,0.6858731063925103,0.3141268936074895,
1300,0.6803607854107703,0.31963921458922956,
1301,0.8203758444517443,0.17962415554825573,
1302,0.6441105564719589,0.35588944352804125,
1303,0.7467385041756177,0.2532614958243825,
1304,0.6892461455496973,0.31075385445030274,
1305,0.6582822582280171,0.3417177417719827,
1306,0.6693305163453941,0.33066948365460574,
1307,0.7703910384507635,0.22960896154923627,
1308,0.8590465064561889,0.1409534935438111,
1309,0.5996743647414463,0.4003256352585536,
1310,0.8480479908068598,0.15195200919313992,
1311,0.7635276943447638,0.23647230565523603,
1312,0.7197089200801918,0.2802910799198084,
1313,0.8589184001156405,0.14108159988435953,
1314,0.7612552156337787,0.23874478436622104,
1315,0.839662938843349,0.16033706115665092,
1316,0.8636620632275108,0.13633793677248923,
1317,0.8191927983958334,0.18080720160416647,
1318,0.9039917968708834,0.09600820312911651,
1319,0.7644926777983336,0.23550732220166612,
1320,0.8817377480058035,0.11826225199419652,
1321,0.7644587141141385,0.23554128588586135,
1322,0.8695094046981587,0.13049059530184107,
1323,0.7931013667962497,0.20689863320375046,
1324,0.6792382675308406,0.3207617324691593,
1325,0.7710612778863681,0.2289387221136318,
1326,0.7391306190073188,0.26086938099268125,
1327,0.8926065435649818,0.10739345643501828,
1328,0.8584842734819271,0.14151572651807284,
1329,0.753662146384814,0.2463378536151858,
1330,0.8436652363674884,0.15633476363251153,
1331,0.7997983179408069,0.20020168205919295,
1332,0.7238427401232208,0.27615725987677897,
1333,0.7870161182353372,0.21298388176466237,
1334,0.8426147672982777,0.15738523270172203,
1335,0.7426089982130389,0.257391001786961,
1336,0.7885231945425929,0.21147680545740702,
1337,0.6701145136210224,0.32988548637897785,
1338,0.7724503171682034,0.22754968283179633,
1339,0.6760055237638432,0.3239944762361568,
1340,0.8959398768983151,0.10406012310168494,
1341,0.76834178737339,0.23165821262660993,
1342,0.9004168313774394,0.09958316862256025,
1343,0.8152280611941106,0.18477193880588935,
1344,0.9016108444899308,0.09838915551006888,
1345,0.5966533381926241,0.4033466618073758,
1346,0.6495918218269655,0.35040817817303427,
1347,0.8932571867477642,0.10674281325223552,
1348,0.7684795109479566,0.23152048905204364,
1349,0.7891197826188403,0.21088021738115956,
1350,0.7378731050952593,0.26212689490474056,
1351,0.8028579926059767,0.197142007394023,
1352,0.7931834197916884,0.20681658020831137,
1353,0.8973490788890272,0.1026509211109726,
1354,0.6566920749641839,0.34330792503581614,
1355,0.8910428806197399,0.10895711938026018,
1356,0.8584973189925407,0.14150268100745925,
1357,0.6213884367409322,0.378611563259068,
1358,0.7213876462516307,0.2786123537483696,
1359,0.8256458829882269,0.17435411701177286,
1360,0.858322879142757,0.1416771208572427,
1361,0.7445675635364798,0.25543243646352004,
1362,0.7837873830491088,0.21621261695089103,
1363,0.7664933893842039,0.23350661061579597,
1364,0.6335857208915311,0.36641427910846924,
1365,0.7787756049754794,0.2212243950245203,
1366,0.7496326886327206,0.25036731136727913,
1367,0.7927547078186953,0.2072452921813046,
1368,0.6894241077936195,0.3105758922063806,
1369,0.8498374549538765,0.15016254504612317,
1370,0.6507131462806726,0.3492868537193274,
1371,0.6430515047952916,0.35694849520470856,
1372,0.8916854880938575,0.10831451190614233,
1373,0.8125773995003475,0.18742260049965206,
1374,0.6839169076281435,0.3160830923718563,
1375,0.6511697195311218,0.3488302804688783,
1376,0.6174974178074563,0.3825025821925438,
1377,0.8172058062916069,0.18279419370839264,
1378,0.7639817639787875,0.23601823602121272,
1379,0.5807275703484425,0.4192724296515575,
1380,0.6973310145875621,0.3026689854124382,
1381,0.8439762423747473,0.15602375762525253,
1382,0.7378511924384266,0.2621488075615731,
1383,0.6437710929362268,0.3562289070637734,
1384,0.8177869799494107,0.18221302005058895,
1385,0.6528570241747151,0.3471429758252846,
1386,0.7586418531908684,0.2413581468091312,
1387,0.7365287703743354,0.26347122962566444,
1388,0.6230961608381714,0.3769038391618286,
1389,0.8032445041604538,0.19675549583954596,
1390,0.8871868799768283,0.11281312002317152,
1391,0.8672961246202674,0.13270387537973247,
1392,0.7742328621754991,0.2257671378245005,
1393,0.7637728598604925,0.23622714013950755,
1394,0.8328242923684218,0.16717570763157824,
1395,0.7738957275709327,0.22610427242906728,
1396,0.9052063322539083,0.09479366774609148,
1397,0.7369020072126117,0.2630979927873882,
1398,0.6485702695222468,0.3514297304777532,
1399,0.7316068537922087,0.26839314620779126,
1400,0.7834565712941803,0.21654342870581955,
1401,0.5912404579211092,0.4087595420788908,
1402,0.6802820910146152,0.31971790898538477,
1403,0.7113452852036933,0.28865471479630644,
1404,0.743657650984845,0.25634234901515485,
1405,0.839662938843349,0.16033706115665092,
1406,0.6916362622997742,0.30836373770022596,
1407,0.7283295462375144,0.27167045376248544,
1408,0.8356194605824796,0.16438053941752045,
0,,,0.0
1,,,0.0
2,,,0.0
3,,,0.0
4,,,0.0
5,,,0.0
6,,,0.0
7,,,0.0
8,,,0.0
9,,,0.0
10,,,0.0
11,,,0.0
12,,,0.0
13,,,0.0
14,,,0.0
15,,,0.0
16,,,0.0
17,,,0.0
18,,,0.0
19,,,0.0
20,,,0.0
21,,,0.0
22,,,0.0
23,,,0.0
24,,,0.0
25,,,0.0
26,,,0.0
27,,,0.0
28,,,0.0
29,,,0.0
30,,,0.0
31,,,0.0
32,,,0.0
33,,,0.0
34,,,0.0
35,,,0.0
36,,,0.0
37,,,0.0
38,,,0.0
39,,,0.0
40,,,0.0
41,,,0.0
42,,,0.0
43,,,0.0
44,,,0.0
45,,,0.0
46,,,0.0
47,,,0.0
48,,,0.0
49,,,0.0
50,,,0.0
51,,,0.0
52,,,0.0
53,,,0.0
54,,,0.0
55,,,0.0
56,,,0.0
57,,,0.0
58,,,0.0
59,,,0.0
60,,,0.0
61,,,0.0
62,,,0.0
63,,,0.0
64,,,0.0
65,,,0.0
66,,,0.0
67,,,0.0
68,,,0.0
69,,,0.0
70,,,0.0
71,,,0.0
72,,,0.0
73,,,0.0
74,,,0.0
75,,,0.0
76,,,0.0
77,,,0.0
78,,,0.0
79,,,0.0
80,,,0.0
81,,,0.0
82,,,0.0
83,,,0.0
84,,,0.0
85,,,0.0
86,,,0.0
87,,,0.0
88,,,0.0
89,,,0.0
90,,,0.0
91,,,0.0
92,,,0.0
93,,,0.0
94,,,0.0
95,,,0.0
96,,,0.0
97,,,0.0
98,,,0.0
99,,,0.0
100,,,0.0
101,,,0.0
102,,,0.0
103,,,0.0
104,,,0.0
105,,,0.0
106,,,0.0
107,,,0.0
108,,,0.0
109,,,0.0
110,,,0.0
111,,,0.0
112,,,0.0
113,,,0.0
114,,,0.0
115,,,0.0
116,,,0.0
117,,,0.0
118,,,0.0
119,,,0.0
120,,,0.0
121,,,0.0
122,,,0.0
123,,,0.0
124,,,0.0
125,,,0.0
126,,,0.0
127,,,0.0
128,,,0.0
129,,,0.0
130,,,0.0
131,,,0.0
132,,,0.0
133,,,0.0
134,,,0.0
135,,,0.0
136,,,0.0
137,,,0.0
138,,,0.0
139,,,0.0
140,,,0.0
141,,,0.0
142,,,0.0
143,,,0.0
144,,,0.0
145,,,0.0
146,,,0.0
147,,,0.0
148,,,0.0
149,,,0.0
150,,,0.0
151,,,0.0
152,,,0.0
153,,,0.0
154,,,0.0
155,,,0.0
156,,,0.0
157,,,0.0
158,,,0.0
159,,,0.0
160,,,0.0
161,,,0.0
162,,,1.0
163,,,0.0
164,,,0.0
165,,,0.0
166,,,0.0
167,,,0.0
168,,,0.0
169,,,0.0
170,,,0.0
171,,,0.0
172,,,0.0
173,,,0.0
174,,,0.0
175,,,0.0
176,,,0.0
177,,,0.0
178,,,0.0
179,,,0.0
180,,,0.0
181,,,0.0
182,,,0.0
183,,,0.0
184,,,0.0
185,,,0.0
186,,,0.0
187,,,0.0
188,,,0.0
189,,,0.0
190,,,0.0
191,,,0.0
192,,,0.0
193,,,0.0
194,,,0.0
195,,,0.0
196,,,0.0
197,,,0.0
198,,,0.0
199,,,0.0
200,,,0.0
201,,,0.0
202,,,0.0
203,,,0.0
204,,,0.0
205,,,0.0
206,,,0.0
207,,,0.0
208,,,0.0
209,,,0.0
210,,,0.0
211,,,0.0
212,,,0.0
213,,,0.0
214,,,0.0
215,,,0.0
216,,,0.0
217,,,0.0
218,,,0.0
219,,,0.0
220,,,0.0
221,,,0.0
222,,,0.0
223,,,0.0
224,,,0.0
225,,,0.0
226,,,0.0
227,,,0.0
228,,,0.0
229,,,0.0
230,,,0.0
231,,,0.0
232,,,0.0
233,,,0.0
234,,,0.0
235,,,0.0
236,,,0.0
237,,,0.0
238,,,0.0
239,,,0.0
240,,,0.0
241,,,0.0
242,,,0.0
243,,,0.0
244,,,0.0
245,,,0.0
246,,,0.0
247,,,0.0
248,,,0.0
249,,,0.0
250,,,0.0
251,,,0.0
252,,,0.0
253,,,0.0
254,,,0.0
255,,,0.0
256,,,0.0
257,,,0.0
258,,,0.0
259,,,0.0
260,,,0.0
261,,,0.0
262,,,0.0
263,,,0.0
264,,,0.0
265,,,0.0
266,,,0.0
267,,,0.0
268,,,0.0
269,,,0.0
270,,,0.0
271,,,0.0
272,,,0.0
273,,,0.0
274,,,0.0
275,,,0.0
276,,,0.0
277,,,0.0
278,,,0.0
279,,,0.0
280,,,0.0
281,,,0.0
282,,,0.0
283,,,0.0
284,,,0.0
285,,,0.0
286,,,0.0
287,,,0.0
288,,,0.0
289,,,0.0
290,,,0.0
291,,,0.0
292,,,0.0
293,,,0.0
294,,,0.0
295,,,0.0
296,,,0.0
297,,,0.0
298,,,0.0
299,,,0.0
300,,,0.0
301,,,0.0
302,,,0.0
303,,,0.0
304,,,0.0
305,,,0.0
306,,,0.0
307,,,0.0
308,,,0.0
309,,,0.0
310,,,0.0
311,,,0.0
312,,,0.0
313,,,0.0
314,,,0.0
315,,,0.0
316,,,0.0
317,,,0.0
318,,,0.0
319,,,0.0
320,,,0.0
321,,,0.0
322,,,0.0
323,,,0.0
324,,,0.0
325,,,0.0
326,,,0.0
327,,,0.0
328,,,0.0
329,,,0.0
330,,,0.0
331,,,0.0
332,,,0.0
333,,,0.0
334,,,0.0
335,,,0.0
336,,,0.0
337,,,0.0
338,,,0.0
339,,,0.0
340,,,0.0
341,,,0.0
342,,,0.0
343,,,0.0
344,,,0.0
345,,,0.0
346,,,0.0
347,,,0.0
348,,,0.0
349,,,0.0
350,,,0.0
351,,,0.0
352,,,0.0
353,,,0.0
354,,,0.0
355,,,0.0
356,,,0.0
357,,,0.0
358,,,0.0
359,,,0.0
360,,,0.0
361,,,0.0
362,,,0.0
363,,,0.0
364,,,0.0
365,,,0.0
366,,,0.0
367,,,0.0
368,,,0.0
369,,,0.0
370,,,0.0
371,,,0.0
372,,,0.0
373,,,0.0
374,,,0.0
375,,,0.0
376,,,0.0
377,,,0.0
378,,,0.0
379,,,0.0
380,,,0.0
381,,,0.0
382,,,0.0
383,,,0.0
384,,,0.0
385,,,0.0
386,,,0.0
387,,,0.0
388,,,0.0
389,,,0.0
390,,,1.0
391,,,0.0
392,,,0.0
393,,,0.0
394,,,0.0
395,,,0.0
396,,,0.0
397,,,0.0
398,,,0.0
399,,,0.0
400,,,0.0
401,,,0.0
402,,,0.0
403,,,0.0
404,,,0.0
405,,,0.0
406,,,0.0
407,,,0.0
408,,,0.0
409,,,1.0
410,,,0.0
411,,,0.0
412,,,0.0
413,,,0.0
414,,,0.0
415,,,0.0
416,,,0.0
417,,,0.0
418,,,0.0
419,,,0.0
420,,,0.0
421,,,0.0
422,,,0.0
423,,,0.0
424,,,0.0
425,,,0.0
426,,,1.0
427,,,0.0
428,,,0.0
429,,,0.0
430,,,0.0
431,,,0.0
432,,,0.0
433,,,0.0
434,,,0.0
435,,,0.0
436,,,0.0
437,,,0.0
438,,,0.0
439,,,0.0
440,,,0.0
441,,,0.0
442,,,0.0
443,,,0.0
444,,,0.0
445,,,0.0
446,,,0.0
447,,,0.0
448,,,0.0
449,,,0.0
450,,,0.0
451,,,0.0
452,,,0.0
453,,,0.0
454,,,0.0
455,,,0.0
456,,,1.0
457,,,0.0
458,,,0.0
459,,,0.0
460,,,1.0
461,,,0.0
462,,,0.0
463,,,0.0
464,,,1.0
465,,,1.0
466,,,0.0
467,,,0.0
468,,,0.0
469,,,0.0
470,,,1.0
471,,,0.0
472,,,0.0
473,,,0.0
474,,,0.0
475,,,0.0
476,,,0.0
477,,,0.0
478,,,0.0
479,,,0.0
480,,,0.0
481,,,0.0
482,,,0.0
483,,,0.0
484,,,0.0
485,,,0.0
486,,,0.0
487,,,0.0
488,,,0.0
489,,,0.0
490,,,0.0
491,,,0.0
492,,,0.0
493,,,0.0
494,,,0.0
495,,,0.0
496,,,0.0
497,,,0.0
498,,,0.0
499,,,0.0
500,,,0.0
501,,,0.0
502,,,0.0
503,,,0.0
504,,,0.0
505,,,0.0
506,,,0.0
507,,,0.0
508,,,0.0
509,,,0.0
510,,,1.0
511,,,0.0
512,,,0.0
513,,,0.0
514,,,0.0
515,,,0.0
516,,,0.0
517,,,0.0
518,,,0.0
519,,,0.0
520,,,0.0
521,,,0.0
522,,,0.0
523,,,0.0
524,,,0.0
525,,,0.0
526,,,0.0
527,,,0.0
528,,,0.0
529,,,0.0
530,,,0.0
531,,,0.0
532,,,0.0
533,,,0.0
534,,,0.0
535,,,0.0
536,,,0.0
537,,,0.0
538,,,0.0
539,,,0.0
540,,,0.0
541,,,0.0
542,,,0.0
543,,,0.0
544,,,0.0
545,,,0.0
546,,,0.0
547,,,0.0
548,,,0.0
549,,,0.0
550,,,0.0
551,,,1.0
552,,,0.0
553,,,0.0
554,,,0.0
555,,,0.0
556,,,0.0
557,,,0.0
558,,,1.0
559,,,0.0
560,,,0.0
561,,,0.0
562,,,0.0
563,,,0.0
564,,,0.0
565,,,0.0
566,,,0.0
567,,,0.0
568,,,0.0
569,,,0.0
570,,,0.0
571,,,0.0
572,,,0.0
573,,,0.0
574,,,0.0
575,,,0.0
576,,,0.0
577,,,0.0
578,,,0.0
579,,,0.0
580,,,0.0
581,,,0.0
582,,,0.0
583,,,0.0
584,,,0.0
585,,,0.0
586,,,0.0
587,,,0.0
588,,,0.0
589,,,0.0
590,,,0.0
591,,,0.0
592,,,0.0
593,,,0.0
594,,,0.0
595,,,0.0
596,,,0.0
597,,,0.0
598,,,0.0
599,,,0.0
600,,,0.0
601,,,0.0
602,,,0.0
603,,,0.0
604,,,0.0
605,,,0.0
606,,,0.0
607,,,0.0
608,,,0.0
609,,,0.0
610,,,0.0
611,,,0.0
612,,,0.0
613,,,0.0
614,,,0.0
615,,,0.0
616,,,0.0
617,,,0.0
618,,,0.0
619,,,0.0
620,,,0.0
621,,,0.0
622,,,0.0
623,,,0.0
624,,,0.0
625,,,0.0
626,,,0.0
627,,,0.0
628,,,0.0
629,,,0.0
630,,,0.0
631,,,0.0
632,,,0.0
633,,,0.0
634,,,0.0
635,,,0.0
636,,,0.0
637,,,0.0
638,,,0.0
639,,,0.0
640,,,0.0
641,,,0.0
642,,,0.0
643,,,0.0
644,,,0.0
645,,,0.0
646,,,0.0
647,,,0.0
648,,,0.0
649,,,0.0
650,,,0.0
651,,,0.0
652,,,0.0
653,,,0.0
654,,,0.0
655,,,0.0
656,,,0.0
657,,,0.0
658,,,0.0
659,,,0.0
660,,,0.0
661,,,0.0
662,,,0.0
663,,,0.0
664,,,0.0
665,,,0.0
666,,,0.0
667,,,0.0
668,,,0.0
669,,,0.0
670,,,0.0
671,,,0.0
672,,,0.0
673,,,0.0
674,,,0.0
675,,,0.0
676,,,0.0
677,,,0.0
678,,,0.0
679,,,0.0
680,,,0.0
681,,,0.0
682,,,0.0
683,,,0.0
684,,,0.0
685,,,0.0
686,,,0.0
687,,,0.0
688,,,0.0
689,,,0.0
690,,,0.0
691,,,0.0
692,,,0.0
693,,,0.0
694,,,0.0
695,,,0.0
696,,,0.0
697,,,0.0
698,,,0.0
699,,,0.0
700,,,0.0
701,,,0.0
702,,,0.0
703,,,0.0
704,,,0.0
705,,,0.0
706,,,0.0
707,,,0.0
708,,,0.0
709,,,0.0
710,,,0.0
711,,,0.0
712,,,0.0
713,,,0.0
714,,,0.0
715,,,0.0
716,,,0.0
717,,,0.0
718,,,0.0
719,,,0.0
720,,,0.0
721,,,0.0
722,,,0.0
723,,,0.0
724,,,0.0
725,,,0.0
726,,,0.0
727,,,0.0
728,,,0.0
729,,,0.0
730,,,0.0
731,,,0.0
732,,,0.0
733,,,0.0
734,,,0.0
735,,,0.0
736,,,0.0
737,,,0.0
738,,,0.0
739,,,0.0
740,,,0.0
741,,,0.0
742,,,0.0
743,,,0.0
744,,,0.0
745,,,0.0
746,,,0.0
747,,,0.0
748,,,0.0
749,,,0.0
750,,,0.0
751,,,0.0
752,,,0.0
753,,,0.0
754,,,0.0
755,,,0.0
756,,,0.0
757,,,0.0
758,,,0.0
759,,,0.0
760,,,0.0
761,,,0.0
762,,,0.0
763,,,0.0
764,,,0.0
765,,,0.0
766,,,0.0
767,,,0.0
768,,,0.0
769,,,0.0
770,,,0.0
771,,,0.0
772,,,0.0
773,,,0.0
774,,,0.0
775,,,0.0
776,,,0.0
777,,,0.0
778,,,0.0
779,,,0.0
780,,,0.0
781,,,0.0
782,,,0.0
783,,,0.0
784,,,0.0
785,,,0.0
786,,,0.0
787,,,0.0
788,,,0.0
789,,,0.0
790,,,0.0
791,,,0.0
792,,,0.0
793,,,0.0
794,,,0.0
795,,,0.0
796,,,0.0
797,,,0.0
798,,,0.0
799,,,0.0
800,,,0.0
801,,,0.0
802,,,0.0
803,,,0.0
804,,,0.0
805,,,0.0
806,,,0.0
807,,,0.0
808,,,0.0
809,,,0.0
810,,,0.0
811,,,0.0
812,,,0.0
813,,,0.0
814,,,0.0
815,,,0.0
816,,,0.0
817,,,0.0
818,,,0.0
819,,,0.0
820,,,0.0
821,,,0.0
822,,,0.0
823,,,0.0
824,,,0.0
825,,,0.0
826,,,0.0
827,,,0.0
828,,,0.0
829,,,0.0
830,,,0.0
831,,,0.0
832,,,0.0
833,,,0.0
834,,,0.0
835,,,0.0
836,,,0.0
837,,,0.0
838,,,0.0
839,,,0.0
840,,,0.0
841,,,0.0
842,,,0.0
843,,,0.0
844,,,0.0
845,,,0.0
846,,,0.0
847,,,0.0
848,,,0.0
849,,,0.0
850,,,0.0
851,,,0.0
852,,,0.0
853,,,0.0
854,,,0.0
855,,,0.0
856,,,0.0
857,,,0.0
858,,,0.0
859,,,0.0
860,,,0.0
861,,,0.0
862,,,0.0
863,,,0.0
864,,,0.0
865,,,0.0
866,,,0.0
867,,,0.0
868,,,0.0
869,,,0.0
870,,,0.0
871,,,0.0
872,,,0.0
873,,,0.0
874,,,0.0
875,,,0.0
876,,,0.0
877,,,0.0
878,,,0.0
879,,,0.0
880,,,0.0
881,,,0.0
882,,,0.0
883,,,0.0
884,,,0.0
885,,,0.0
886,,,0.0
887,,,1.0
888,,,0.0
889,,,0.0
890,,,0.0
891,,,0.0
892,,,0.0
893,,,0.0
894,,,0.0
895,,,0.0
896,,,0.0
897,,,0.0
898,,,0.0
899,,,0.0
900,,,0.0
901,,,0.0
902,,,0.0
903,,,0.0
904,,,0.0
905,,,0.0
906,,,0.0
907,,,0.0
908,,,0.0
909,,,0.0
910,,,0.0
911,,,0.0
912,,,0.0
913,,,0.0
914,,,0.0
915,,,0.0
916,,,0.0
917,,,0.0
918,,,0.0
919,,,0.0
920,,,0.0
921,,,0.0
922,,,0.0
923,,,0.0
924,,,0.0
925,,,0.0
926,,,0.0
927,,,0.0
928,,,0.0
929,,,0.0
930,,,0.0
931,,,0.0
932,,,0.0
933,,,0.0
934,,,0.0
935,,,0.0
936,,,0.0
937,,,0.0
938,,,0.0
939,,,0.0
940,,,0.0
941,,,0.0
942,,,0.0
943,,,1.0
944,,,0.0
945,,,0.0
946,,,0.0
947,,,0.0
948,,,0.0
949,,,0.0
950,,,0.0
951,,,0.0
952,,,0.0
953,,,0.0
954,,,0.0
955,,,0.0
956,,,0.0
957,,,0.0
958,,,0.0
959,,,0.0
960,,,0.0
961,,,0.0
962,,,0.0
963,,,1.0
964,,,0.0
965,,,0.0
966,,,0.0
967,,,0.0
968,,,0.0
969,,,0.0
970,,,0.0
971,,,0.0
972,,,0.0
973,,,0.0
974,,,0.0
975,,,0.0
976,,,0.0
977,,,0.0
978,,,0.0
979,,,0.0
980,,,0.0
981,,,0.0
982,,,0.0
983,,,0.0
984,,,0.0
985,,,0.0
986,,,0.0
987,,,0.0
988,,,0.0
989,,,0.0
990,,,0.0
991,,,1.0
992,,,0.0
993,,,0.0
994,,,0.0
995,,,0.0
996,,,0.0
997,,,0.0
998,,,0.0
999,,,0.0
1000,,,1.0
1001,,,0.0
1002,,,0.0
1003,,,0.0
1004,,,0.0
1005,,,0.0
1006,,,0.0
1007,,,0.0
1008,,,0.0
1009,,,0.0
1010,,,0.0
1011,,,0.0
1012,,,0.0
1013,,,0.0
1014,,,0.0
1015,,,0.0
1016,,,0.0
1017,,,0.0
1018,,,0.0
1019,,,0.0
1020,,,0.0
1021,,,0.0
1022,,,0.0
1023,,,0.0
1024,,,0.0
1025,,,0.0
1026,,,0.0
1027,,,0.0
1028,,,0.0
1029,,,0.0
1030,,,0.0
1031,,,0.0
1032,,,0.0
1033,,,0.0
1034,,,0.0
1035,,,0.0
1036,,,0.0
1037,,,0.0
1038,,,0.0
1039,,,0.0
1040,,,0.0
1041,,,0.0
1042,,,0.0
1043,,,0.0
1044,,,0.0
1045,,,0.0
1046,,,0.0
1047,,,0.0
1048,,,1.0
1049,,,0.0
1050,,,0.0
1051,,,0.0
1052,,,0.0
1053,,,0.0
1054,,,0.0
1055,,,0.0
1056,,,1.0
1057,,,0.0
1058,,,0.0
1059,,,0.0
1060,,,0.0
1061,,,0.0
1062,,,0.0
1063,,,0.0
1064,,,0.0
1065,,,0.0
1066,,,0.0
1067,,,0.0
1068,,,0.0
1069,,,0.0
1070,,,0.0
1071,,,0.0
1072,,,0.0
1073,,,0.0
1074,,,0.0
1075,,,0.0
1076,,,0.0
1077,,,0.0
1078,,,0.0
1079,,,0.0
1080,,,0.0
1081,,,0.0
1082,,,0.0
1083,,,0.0
1084,,,0.0
1085,,,0.0
1086,,,0.0
1087,,,0.0
1088,,,0.0
1089,,,0.0
1090,,,0.0
1091,,,0.0
1092,,,0.0
1093,,,0.0
1094,,,0.0
1095,,,0.0
1096,,,0.0
1097,,,0.0
1098,,,0.0
1099,,,0.0
1100,,,0.0
1101,,,0.0
1102,,,0.0
1103,,,0.0
1104,,,0.0
1105,,,0.0
1106,,,0.0
1107,,,0.0
1108,,,0.0
1109,,,0.0
1110,,,0.0
1111,,,0.0
1112,,,0.0
1113,,,0.0
1114,,,0.0
1115,,,0.0
1116,,,0.0
1117,,,0.0
1118,,,0.0
1119,,,0.0
1120,,,0.0
1121,,,0.0
1122,,,0.0
1123,,,0.0
1124,,,0.0
1125,,,0.0
1126,,,0.0
1127,,,0.0
1128,,,0.0
1129,,,0.0
1130,,,0.0
1131,,,0.0
1132,,,0.0
1133,,,0.0
1134,,,0.0
1135,,,0.0
1136,,,0.0
1137,,,0.0
1138,,,0.0
1139,,,0.0
1140,,,0.0
1141,,,0.0
1142,,,0.0
1143,,,0.0
1144,,,0.0
1145,,,0.0
1146,,,0.0
1147,,,0.0
1148,,,0.0
1149,,,0.0
1150,,,0.0
1151,,,0.0
1152,,,0.0
1153,,,0.0
1154,,,0.0
1155,,,0.0
1156,,,0.0
1157,,,0.0
1158,,,0.0
1159,,,0.0
1160,,,0.0
1161,,,0.0
1162,,,0.0
1163,,,0.0
1164,,,0.0
1165,,,0.0
1166,,,0.0
1167,,,0.0
1168,,,0.0
1169,,,0.0
1170,,,0.0
1171,,,0.0
1172,,,0.0
1173,,,0.0
1174,,,0.0
1175,,,0.0
1176,,,0.0
1177,,,0.0
1178,,,0.0
1179,,,0.0
1180,,,0.0
1181,,,0.0
1182,,,0.0
1183,,,0.0
1184,,,0.0
1185,,,0.0
1186,,,0.0
1187,,,0.0
1188,,,0.0
1189,,,0.0
1190,,,0.0
1191,,,0.0
1192,,,0.0
1193,,,0.0
1194,,,0.0
1195,,,0.0
1196,,,0.0
1197,,,0.0
1198,,,0.0
1199,,,0.0
1200,,,0.0
1201,,,0.0
1202,,,0.0
1203,,,0.0
1204,,,0.0
1205,,,0.0
1206,,,0.0
1207,,,0.0
1208,,,0.0
1209,,,0.0
1210,,,0.0
1211,,,0.0
1212,,,0.0
1213,,,0.0
1214,,,0.0
1215,,,0.0
1216,,,0.0
1217,,,0.0
1218,,,0.0
1219,,,0.0
1220,,,0.0
1221,,,0.0
1222,,,0.0
1223,,,0.0
1224,,,0.0
1225,,,0.0
1226,,,0.0
1227,,,0.0
1228,,,0.0
1229,,,0.0
1230,,,0.0
1231,,,0.0
1232,,,0.0
1233,,,0.0
1234,,,0.0
1235,,,0.0
1236,,,0.0
1237,,,0.0
1238,,,0.0
1239,,,0.0
1240,,,0.0
1241,,,0.0
1242,,,0.0
1243,,,0.0
1244,,,0.0
1245,,,0.0
1246,,,0.0
1247,,,0.0
1248,,,0.0
1249,,,0.0
1250,,,0.0
1251,,,0.0
1252,,,0.0
1253,,,0.0
1254,,,0.0
1255,,,0.0
1256,,,0.0
1257,,,0.0
1258,,,0.0
1259,,,0.0
1260,,,0.0
1261,,,0.0
1262,,,0.0
1263,,,0.0
1264,,,0.0
1265,,,0.0
1266,,,0.0
1267,,,0.0
1268,,,0.0
1269,,,0.0
1270,,,0.0
1271,,,0.0
1272,,,0.0
1273,,,0.0
1274,,,0.0
1275,,,0.0
1276,,,0.0
1277,,,0.0
1278,,,0.0
1279,,,0.0
1280,,,0.0
1281,,,0.0
1282,,,0.0
1283,,,0.0
1284,,,0.0
1285,,,0.0
1286,,,0.0
1287,,,0.0
1288,,,0.0
1289,,,0.0
1290,,,0.0
1291,,,0.0
1292,,,0.0
1293,,,0.0
1294,,,0.0
1295,,,0.0
1296,,,0.0
1297,,,0.0
1298,,,0.0
1299,,,0.0
1300,,,0.0
1301,,,0.0
1302,,,0.0
1303,,,0.0
1304,,,0.0
1305,,,0.0
1306,,,0.0
1307,,,0.0
1308,,,0.0
1309,,,0.0
1310,,,0.0
1311,,,0.0
1312,,,0.0
1313,,,0.0
1314,,,0.0
1315,,,0.0
1316,,,0.0
1317,,,0.0
1318,,,0.0
1319,,,0.0
1320,,,0.0
1321,,,0.0
1322,,,0.0
1323,,,0.0
1324,,,0.0
1325,,,0.0
1326,,,0.0
1327,,,0.0
1328,,,0.0
1329,,,0.0
1330,,,0.0
1331,,,0.0
1332,,,0.0
1333,,,0.0
1334,,,0.0
1335,,,0.0
1336,,,0.0
1337,,,0.0
1338,,,0.0
1339,,,0.0
1340,,,0.0
1341,,,0.0
1342,,,0.0
1343,,,0.0
1344,,,0.0
1345,,,0.0
1346,,,0.0
1347,,,0.0
1348,,,0.0
1349,,,0.0
1350,,,0.0
1351,,,0.0
1352,,,0.0
1353,,,0.0
1354,,,0.0
1355,,,0.0
1356,,,0.0
1357,,,0.0
1358,,,0.0
1359,,,0.0
1360,,,0.0
1361,,,0.0
1362,,,0.0
1363,,,0.0
1364,,,0.0
1365,,,0.0
1366,,,0.0
1367,,,0.0
1368,,,0.0
1369,,,0.0
1370,,,0.0
1371,,,0.0
1372,,,0.0
1373,,,0.0
1374,,,0.0
1375,,,0.0
1376,,,0.0
1377,,,0.0
1378,,,0.0
1379,,,0.0
1380,,,0.0
1381,,,0.0
1382,,,0.0
1383,,,0.0
1384,,,0.0
1385,,,0.0
1386,,,0.0
1387,,,0.0
1388,,,0.0
1389,,,0.0
1390,,,0.0
1391,,,0.0
1392,,,0.0
1393,,,0.0
1394,,,0.0
1395,,,0.0
1396,,,0.0
1397,,,0.0
1398,,,0.0
1399,,,0.0
1400,,,0.0
1401,,,0.0
1402,,,0.0
1403,,,0.0
1404,,,0.0
1405,,,0.0
1406,,,0.0
1407,,,0.0
1408,,,0.0
